<?xml version="1.0" encoding="utf-8"?>
<ServiceModelInstallationInfo xmlns:xsi="http://www.w3.org/2001/XMLSchema-instance" xmlns:xsd="http://www.w3.org/2001/XMLSchema">
  <Name>AOSService</Name>
  <Description />
  <InstallationDateTime>2020-12-17T00:03:08.8814265-08:00</InstallationDateTime>
  <InstallationInfoFilePath>d:\dbs\sh\l23t\1216_223343\cmd\19\Drop\retail\Services\AOSService\Scripts\InstallationInfo.xml</InstallationInfoFilePath>
  <Version>7.0.5860.35679</Version>
  <Publisher>Microsoft Corporation</Publisher>
  <GeneratedFromAXMetadata>false</GeneratedFromAXMetadata>
  <Configuration />
  <CustomName />
  <CustomVersion />
  <CustomDescription />
  <CustomPublisher />
  <ServiceModelGroup>Platform</ServiceModelGroup>
  <ReleaseVersion>Update40</ReleaseVersion>
  <ProductRegisteredName>Microsoft Dynamics 365 for Finance and Operations</ProductRegisteredName>
</ServiceModelInstallationInfo>